Year,MonthNum,Revenue,SubCount,Duration,VolumeGB,ds
2012,1,1237.0722,8088.0,12764.033333333336,1.259970691986382,2012-01-01
2012,2,1861.6007,8615.0,14247.083333333334,2.027583540417255,2012-02-01
2012,4,0.0,18640.0,28098.88333327367,5.1645553354375044,2012-04-01
2012,5,1576.3997,21567.0,26456.816666672334,2.5707590104996467,2012-05-01
2012,6,0.0,14301.0,19002.91666666667,2.2070701997727156,2012-06-01
2012,7,1327.6249,10454.0,12221.55,2.639845008030534,2012-07-01
2012,8,2033.451,13152.0,18399.76666666667,2.959558391943575,2012-08-01
2012,9,0.0,15338.0,17202.5,4.652017564512792,2012-09-01
2012,10,6561.5339,24744.0,33310.4,6.726346658542753,2012-10-01
2012,11,0.0,22553.0,23965.68333333333,5.755897011607886,2012-11-01
2012,12,2696.3921,14561.0,13512.116666666669,2.417979379184544,2012-12-01
2013,1,1103.1182,13233.0,9852.2,1.695902138017118,2013-01-01
2013,2,2351.7585,13928.0,10691.233333333335,1.961640115827322,2013-02-01
2013,3,2474.4052,21337.0,22101.500000000004,3.160569598898292,2013-03-01
2013,4,5243.8069,24208.0,25695.100000000006,2.9794627549126744,2013-04-01
2013,5,2616.7673,24627.0,24442.566666666666,3.8586442833766346,2013-05-01
2013,6,0.0,21166.0,205766.18333333344,2.2010702202096586,2013-06-01
2013,7,2532.3422,16214.0,11047.933333333332,1.6999920681118965,2013-07-01
2013,8,913.6856,19256.0,37123.16666666669,2.13784006703645,2013-08-01
2013,9,0.0,21578.0,18040.850000000002,1.9889001548290253,2013-09-01
2013,10,3824.2538999999997,34885.0,113158.69999999997,9.566851960495118,2013-10-01
2013,11,0.0,20132.0,22893.56,7.24893934249878,2013-11-01
2013,12,5565.414,21522.0,14083.25,5.75965163230896,2013-12-01
2014,1,917.494,19840.0,8930.5,2.81543194770813,2014-01-01
2014,2,0.0,19111.0,12298.08,5.66517315864563,2014-02-01
2014,3,2056.31,20959.0,18553.4,11.965769395828247,2014-03-01
2014,4,0.0,31354.0,38403.83,14.200424947738648,2014-04-01
2014,5,2467.564,44870.0,41817.21,13.514135303497314,2014-05-01
2014,6,0.0,34703.0,20840.51,5.362360095977784,2014-06-01
2014,7,4000.5460000000003,32439.0,13873.039999999999,6.900146074295044,2014-07-01
2014,8,2062.202,32597.0,14393.36,8.363274288177491,2014-08-01
2014,9,0.0,24829.0,19669.54,12.668834075927734,2014-09-01
2014,10,10027.809,43449.0,38598.26,30.600523853302,2014-10-01
2014,11,0.0,29130.0,24516.67,18.568456869125363,2014-11-01
2014,12,4589.843,24835.0,15335.39,11.560406942367555,2014-12-01
2015,1,3973.8979999999997,21532.0,9980.58,5.57305281639099,2015-01-01
2015,2,0.0,21706.0,11381.86,8.455846347808839,2015-02-01
2015,3,9126.481,36592.0,22085.25,11.730932474136353,2015-03-01
2015,4,0.0,44976.0,30720.03,15.06813611984253,2015-04-01
2015,5,2124.371,46015.0,23770.46,14.791743688583374,2015-05-01
2015,6,0.0,39220.0,20256.84,10.179415283203124,2015-06-01
2015,7,1183.507,30474.0,10855.06,7.859619979858398,2015-07-01
2015,8,3669.599,30018.0,11970.880000000001,9.405423488616943,2015-08-01
2015,10,16182.579,58828.0,33051.33,23.70207887649536,2015-10-01
2015,11,0.0,49365.0,27759.12,22.702826471328734,2015-11-01
2015,12,6387.848,43897.0,14474.35,9.564056873321533,2015-12-01
2016,1,465.698,40547.0,9808.720000000001,7.569531211853028,2016-01-01
2016,2,0.0,39812.0,9997.34,6.044647932052612,2016-02-01
2016,3,7562.263,40605.0,19966.68,21.407491035461426,2016-03-01
2016,4,0.0,29307.0,22196.31,22.888003911972046,2016-04-01
2016,5,157004.435,42029.0,34145.83,21.34640769958496,2016-05-01
2016,6,123127.222,56103.0,30170.04,21.267752866744996,2016-06-01
2016,7,73618.13799999999,45437.0,15594.33,10.822805538177489,2016-07-01
2016,8,99687.89499999999,48661.0,19983.95,20.76534295082092,2016-08-01
2016,9,127255.91100000001,50157.0,20642.46,22.9995485496521,2016-09-01
2016,10,231730.973,67397.0,30775.56,45.718432903289795,2016-10-01
2016,11,201389.943,55086.0,25932.49,31.704539699554445,2016-11-01
2016,12,92864.86600000001,59294.0,17878.88,17.885138511657715,2016-12-01
2017,1,37559.862,50896.0,10089.83,9.300927028656005,2017-01-01
2017,2,45375.124,48248.0,12719.42,10.768631286621094,2017-02-01
2017,3,114061.33499999999,65905.0,27171.760000000002,30.213244438171387,2017-03-01
2017,4,174240.358,70390.0,41396.07000000001,57.23200562477112,2017-04-01
2017,5,163930.729,103732.0,60922.39,156.68904908180235,2017-05-01
2017,6,139720.044,121617.0,55153.08,182.06812941551206,2017-06-01
2017,7,40828.558,80316.0,24516.28,106.30917292594908,2017-07-01
2017,8,57739.191999999995,80201.0,28713.62,179.0281184577942,2017-08-01
2017,9,49591.765999999996,83248.0,28649.98,115.42954990386963,2017-09-01
2017,10,116591.795,95739.0,38174.28,206.6886090183258,2017-10-01
2017,11,82375.42899999999,71056.0,32195.89,150.886939163208,2017-11-01
2017,12,54790.692,69858.0,28941.72,116.96477265834808,2017-12-01
2018,1,23010.756,55947.0,19775.29,54.451899185180665,2018-01-01
2018,2,45561.162,50982.0,18979.17,90.96631077766419,2018-02-01
2018,3,67508.11899999999,69475.0,28578.45,184.0213604640961,2018-03-01
2018,4,81408.14,73784.0,40164.47,208.32230852127077,2018-04-01
2018,5,95675.825,84840.0,57077.96,280.9039632415771,2018-05-01
2018,6,74411.659,70121.0,45969.270000000004,193.5369935131073,2018-06-01
2018,7,40377.863,64388.0,25405.640000000003,103.6927334022522,2018-07-01
2018,8,81479.767,77269.0,52692.64,214.28489590644838,2018-08-01
2018,9,84022.29,90440.0,41881.97,215.78676458358763,2018-09-01
2018,10,130392.822,117086.0,56278.049999999996,357.7896742153168,2018-10-01
2018,11,113971.772,109005.0,44848.47,307.99121758460996,2018-11-01
2018,12,73317.538,105295.0,33710.0,290.95503746032716,2018-12-01
2019,1,32900.909,88980.0,16768.93,134.4994239139557,2019-01-01
2019,2,55685.943,83347.0,22872.45,211.96525862693787,2019-02-01
2019,3,149457.765,109537.0,36594.08,418.52983187675477,2019-03-01
2019,4,155142.039,134933.0,59231.94,521.7788859653473,2019-04-01
2019,5,203209.254,166159.0,90876.62,758.7984803581238,2019-05-01
2019,6,124424.058,142420.0,72230.59,595.2716450500488,2019-06-01
2019,7,82408.9,103354.0,34073.99,297.6130484008789,2019-07-01
2019,8,140787.17,108218.0,33460.71,524.174864578247,2019-08-01
2019,9,65501.025,123494.0,48546.159999999996,491.9373266601562,2019-09-01
2019,10,167567.02300000002,193291.0,88671.3,1047.8599351596831,2019-10-01
2019,11,93418.593,157965.0,85119.9,622.9700983142852,2019-11-01
2019,12,75152.31899999999,191464.0,83607.26999999999,546.9029609775544,2019-12-01
2020,1,27647.885000000002,189255.0,54498.4,305.7171431159973,2020-01-01
2020,2,27101.316,164103.0,56714.3,364.03688990592957,2020-02-01
2020,3,15173.27,142860.0,38476.18,180.12925442695618,2020-03-01
2020,4,1983.725,63367.0,4936.24,10.32748381614685,2020-04-01
2020,5,1457.5209999999997,61642.0,7093.23,19.310490026474,2020-05-01
2020,6,1050.726,103742.0,6220.37,14.237687225341798,2020-06-01
2020,7,3730.5580000000004,151017.0,6362.5599999999995,15.101484241485595,2020-07-01
2020,8,932.538,141982.0,6875.7,9.521212301254272,2020-08-01
2020,9,412.99399999999997,158869.0,3209.02,9.078606929779054,2020-09-01
2020,10,1972.1109999999996,159584.0,3236.5399999999995,11.667861785888672,2020-10-01
2020,11,1041.777,110679.0,4137.38,14.994233675003056,2020-11-01
2020,12,667.8290000000001,120683.0,5948.85,28.89135600090027,2020-12-01
2021,1,1171.949,152796.0,4649.09,25.92229685783386,2021-01-01
2021,2,302.073,95671.0,1666.5300000000002,7.1433549499511715,2021-02-01
2021,3,1901.419,167912.0,3743.15,38.14475103378296,2021-03-01
2021,4,546.9889999999999,170817.0,2857.0299999999997,17.031461248397825,2021-04-01
2021,5,463.969,146757.0,3851.7399999999993,16.4264128112793,2021-05-01
2021,6,523.41,114646.0,4897.849999999999,15.597844934463502,2021-06-01
2021,7,1107.972,138697.0,6848.62,22.712929849624633,2021-07-01
2021,8,961.032,72738.0,9101.51,21.724463844299315,2021-08-01
2021,9,1136.499,73551.0,9171.17,22.052274036407468,2021-09-01
2021,10,1102.605,78652.0,6908.8,10.91686435699463,2021-10-01
2021,11,1408.031,72680.0,6211.56,17.367869081497194,2021-11-01
2021,12,1077.731,53158.0,7815.82,16.31849994659424,2021-12-01
